Nettselskap,Kapasitetsledd,Kapasitetsledd fra kW,Kapasitetsledd til kW,Grunnlag effektrinn
AGDER ENERGI NETT AS,245,0,2,Topp 3 forbrukstopper innenfor 1 siste måneder
AGDER ENERGI NETT AS,315,2,5,Topp 3 forbrukstopper innenfor 1 siste måneder
AGDER ENERGI NETT AS,440,5,10,Topp 3 forbrukstopper innenfor 1 siste måneder
AGDER ENERGI NETT AS,815,10,15,Topp 3 forbrukstopper innenfor 1 siste måneder
AGDER ENERGI NETT AS,1500,15,20,Topp 3 forbrukstopper innenfor 1 siste måneder
AGDER ENERGI NETT AS,2187.5,20,25,Topp 3 forbrukstopper innenfor 1 siste måneder
AGDER ENERGI NETT AS,3000,25,50,Topp 3 forbrukstopper innenfor 1 siste måneder
AGDER ENERGI NETT AS,4000,50,75,Topp 3 forbrukstopper innenfor 1 siste måneder
AGDER ENERGI NETT AS,5500,75,100,Topp 3 forbrukstopper innenfor 1 siste måneder
AGDER ENERGI NETT AS,7500,100,10000,Topp 3 forbrukstopper innenfor 1 siste måneder
ENIDA AS,276.04,0,40,Sikringsstørrelse
ENIDA AS,833.33,40,999,Sikringsstørrelse
TINFOS AS,262.5,0,5,Topp 3 forbrukstopper innenfor 1 siste måneder
TINFOS AS,412.5,5,10,Topp 3 forbrukstopper innenfor 1 siste måneder
TINFOS AS,562.5,10,15,Topp 3 forbrukstopper innenfor 1 siste måneder
TINFOS AS,712.5,15,20,Topp 3 forbrukstopper innenfor 1 siste måneder
TINFOS AS,862.5,20,25,Topp 3 forbrukstopper innenfor 1 siste måneder
TINFOS AS,1312.5,25,50,Topp 3 forbrukstopper innenfor 1 siste måneder
TINFOS AS,3750,50,500,Topp 3 forbrukstopper innenfor 1 siste måneder
ELVIA AS,125,0,2,Topp 3 forbrukstopper innenfor 1 siste måneder
ELVIA AS,200,2,5,Topp 3 forbrukstopper innenfor 1 siste måneder
ELVIA AS,325,5,10,Topp 3 forbrukstopper innenfor 1 siste måneder
ELVIA AS,450,10,15,Topp 3 forbrukstopper innenfor 1 siste måneder
ELVIA AS,575,15,20,Topp 3 forbrukstopper innenfor 1 siste måneder
ELVIA AS,700,20,25,Topp 3 forbrukstopper innenfor 1 siste måneder
ELVIA AS,1325,25,50,Topp 3 forbrukstopper innenfor 1 siste måneder
ELVIA AS,1950,50,75,Topp 3 forbrukstopper innenfor 1 siste måneder
ELVIA AS,2575,75,100,Topp 3 forbrukstopper innenfor 1 siste måneder
ELVIA AS,5150,100,1000,Topp 3 forbrukstopper innenfor 1 siste måneder
ETNA NETT AS,534.37,0,25,Sikringsstørrelse
FJELLNETT AS,207,0,1,Topp 5 forbrukstopper innenfor 12 siste måneder
FJELLNETT AS,236.91,1,2,Topp 5 forbrukstopper innenfor 12 siste måneder
FJELLNETT AS,266.83,2,3,Topp 5 forbrukstopper innenfor 12 siste måneder
FJELLNETT AS,296.75,3,4,Topp 5 forbrukstopper innenfor 12 siste måneder
FJELLNETT AS,326.66,4,5,Topp 5 forbrukstopper innenfor 12 siste måneder
FJELLNETT AS,356.58,5,6,Topp 5 forbrukstopper innenfor 12 siste måneder
FJELLNETT AS,386.5,6,7,Topp 5 forbrukstopper innenfor 12 siste måneder
FJELLNETT AS,416.41,7,8,Topp 5 forbrukstopper innenfor 12 siste måneder
FJELLNETT AS,446.33,8,9,Topp 5 forbrukstopper innenfor 12 siste måneder
FJELLNETT AS,476.25,9,10,Topp 5 forbrukstopper innenfor 12 siste måneder
FJELLNETT AS,506.16,10,11,Topp 5 forbrukstopper innenfor 12 siste måneder
FJELLNETT AS,536.08,11,12,Topp 5 forbrukstopper innenfor 12 siste måneder
FJELLNETT AS,566,12,13,Topp 5 forbrukstopper innenfor 12 siste måneder
FJELLNETT AS,595.91,13,14,Topp 5 forbrukstopper innenfor 12 siste måneder
FJELLNETT AS,625.83,14,15,Topp 5 forbrukstopper innenfor 12 siste måneder
FJELLNETT AS,655.75,15,16,Topp 5 forbrukstopper innenfor 12 siste måneder
FJELLNETT AS,685.66,16,17,Topp 5 forbrukstopper innenfor 12 siste måneder
FJELLNETT AS,715.58,17,18,Topp 5 forbrukstopper innenfor 12 siste måneder
FJELLNETT AS,745.5,18,19,Topp 5 forbrukstopper innenfor 12 siste måneder
FJELLNETT AS,775.41,19,20,Topp 5 forbrukstopper innenfor 12 siste måneder
FJELLNETT AS,805.33,20,21,Topp 5 forbrukstopper innenfor 12 siste måneder
FJELLNETT AS,835.25,21,22,Topp 5 forbrukstopper innenfor 12 siste måneder
FJELLNETT AS,865.16,22,23,Topp 5 forbrukstopper innenfor 12 siste måneder
FJELLNETT AS,895.08,23,24,Topp 5 forbrukstopper innenfor 12 siste måneder
FJELLNETT AS,925,24,25,Topp 5 forbrukstopper innenfor 12 siste måneder
FJELLNETT AS,954.91,25,26,Topp 5 forbrukstopper innenfor 12 siste måneder
FJELLNETT AS,984.83,26,27,Topp 5 forbrukstopper innenfor 12 siste måneder
FJELLNETT AS,1014.75,27,28,Topp 5 forbrukstopper innenfor 12 siste måneder
FJELLNETT AS,1044.66,28,29,Topp 5 forbrukstopper innenfor 12 siste måneder
FJELLNETT AS,1074.58,29,30,Topp 5 forbrukstopper innenfor 12 siste måneder
GLITRE ENERGI NETT AS,150,0,2,Topp 3 forbrukstopper innenfor 1 siste måneder
GLITRE ENERGI NETT AS,250,2,5,Topp 3 forbrukstopper innenfor 1 siste måneder
GLITRE ENERGI NETT AS,410,5,10,Topp 3 forbrukstopper innenfor 1 siste måneder
GLITRE ENERGI NETT AS,735,10,15,Topp 3 forbrukstopper innenfor 1 siste måneder
GLITRE ENERGI NETT AS,975,15,20,Topp 3 forbrukstopper innenfor 1 siste måneder
GLITRE ENERGI NETT AS,1210,20,25,Topp 3 forbrukstopper innenfor 1 siste måneder
GLITRE ENERGI NETT AS,1875,25,50,Topp 3 forbrukstopper innenfor 1 siste måneder
GLITRE ENERGI NETT AS,2935,50,75,Topp 3 forbrukstopper innenfor 1 siste måneder
GLITRE ENERGI NETT AS,3995,75,100,Topp 3 forbrukstopper innenfor 1 siste måneder
GLITRE ENERGI NETT AS,6475,100,10000,Topp 3 forbrukstopper innenfor 1 siste måneder
GRIUG AS,369.58,0,10000,Sikringsstørrelse
KLIVE AS,433.75,0,5,Topp 3 forbrukstopper innenfor 1 siste måneder
KLIVE AS,538.75,5,10,Topp 3 forbrukstopper innenfor 1 siste måneder
KLIVE AS,715,10,15,Topp 3 forbrukstopper innenfor 1 siste måneder
KLIVE AS,953.75,15,20,Topp 3 forbrukstopper innenfor 1 siste måneder
KLIVE AS,1192.5,20,25,Topp 3 forbrukstopper innenfor 1 siste måneder
KLIVE AS,2383.75,25,50,Topp 3 forbrukstopper innenfor 1 siste måneder
KLIVE AS,3576.25,50,75,Topp 3 forbrukstopper innenfor 1 siste måneder
KLIVE AS,4768.75,75,100,Topp 3 forbrukstopper innenfor 1 siste måneder
KLIVE AS,7152.5,100,150,Topp 3 forbrukstopper innenfor 1 siste måneder
KLIVE AS,9536.25,150,200,Topp 3 forbrukstopper innenfor 1 siste måneder
KLIVE AS,14305,200,300,Topp 3 forbrukstopper innenfor 1 siste måneder
KLIVE AS,23841.25,300,500,Topp 3 forbrukstopper innenfor 1 siste måneder
KLIVE AS,33377.5,500,5000,Topp 3 forbrukstopper innenfor 1 siste måneder
RØROS E-VERK NETT AS,295,0,5,Topp 3 forbrukstopper innenfor 1 siste måneder
RØROS E-VERK NETT AS,430,5,10,Topp 3 forbrukstopper innenfor 1 siste måneder
RØROS E-VERK NETT AS,640,10,15,Topp 3 forbrukstopper innenfor 1 siste måneder
RØROS E-VERK NETT AS,920,15,20,Topp 3 forbrukstopper innenfor 1 siste måneder
RØROS E-VERK NETT AS,1406.25,20,25,Topp 3 forbrukstopper innenfor 1 siste måneder
RØROS E-VERK NETT AS,2300,25,50,Topp 3 forbrukstopper innenfor 1 siste måneder
RØROS E-VERK NETT AS,4400,50,100,Topp 3 forbrukstopper innenfor 1 siste måneder
RØROS E-VERK NETT AS,7700,100,200,Topp 3 forbrukstopper innenfor 1 siste måneder
RØROS E-VERK NETT AS,14962.5,200,3000,Topp 3 forbrukstopper innenfor 1 siste måneder
SKIAKERNETT AS,32.29,0,5,Topp 1 forbrukstopper
SKIAKERNETT AS,45.31,5.1,10,Topp 1 forbrukstopper
SKIAKERNETT AS,57.81,10.1,15,Topp 1 forbrukstopper
SKIAKERNETT AS,69.79,15.1,20,Topp 1 forbrukstopper
SKIAKERNETT AS,81.25,20.1,25,Topp 1 forbrukstopper
SKIAKERNETT AS,92.18,25.1,30,Topp 1 forbrukstopper
SKIAKERNETT AS,102.6,30.1,9999,Topp 1 forbrukstopper
STANGE ENERGI NETT AS,156.25,0,2,Topp 3 forbrukstopper innenfor 1 siste måneder
STANGE ENERGI NETT AS,250,2,5,Topp 3 forbrukstopper innenfor 1 siste måneder
STANGE ENERGI NETT AS,406.25,5,10,Topp 3 forbrukstopper innenfor 1 siste måneder
STANGE ENERGI NETT AS,562.5,10,15,Topp 3 forbrukstopper innenfor 1 siste måneder
STANGE ENERGI NETT AS,718.75,15,20,Topp 3 forbrukstopper innenfor 1 siste måneder
STANGE ENERGI NETT AS,875,20,25,Topp 3 forbrukstopper innenfor 1 siste måneder
STANGE ENERGI NETT AS,1656.25,25,50,Topp 3 forbrukstopper innenfor 1 siste måneder
STANGE ENERGI NETT AS,2437.5,50,75,Topp 3 forbrukstopper innenfor 1 siste måneder
STANGE ENERGI NETT AS,3218.75,75,100,Topp 3 forbrukstopper innenfor 1 siste måneder
STANGE ENERGI NETT AS,6437.5,100,500,Topp 3 forbrukstopper innenfor 1 siste måneder
SYGNIR AS,259.27,0,1,Topp 1 forbrukstopper
SYGNIR AS,311.04,1,2,Topp 1 forbrukstopper
SYGNIR AS,362.91,2,3,Topp 1 forbrukstopper
SYGNIR AS,414.79,3,4,Topp 1 forbrukstopper
SYGNIR AS,466.56,4,5,Topp 1 forbrukstopper
SYGNIR AS,544.37,5,6,Topp 1 forbrukstopper
SYGNIR AS,622.18,6,7,Topp 1 forbrukstopper
SYGNIR AS,699.89,7,8,Topp 1 forbrukstopper
SYGNIR AS,777.7,8,9,Topp 1 forbrukstopper
SYGNIR AS,855.41,9,10,Topp 1 forbrukstopper
SYGNIR AS,1011.04,10,12,Topp 1 forbrukstopper
SYGNIR AS,1166.45,12,14,Topp 1 forbrukstopper
SYGNIR AS,1321.97,14,16,Topp 1 forbrukstopper
SYGNIR AS,1477.6,16,18,Topp 1 forbrukstopper
SYGNIR AS,1633.12,18,20,Topp 1 forbrukstopper
SYGNIR AS,2929.16,20,40,Topp 1 forbrukstopper
SYGNIR AS,4225.31,40,60,Topp 1 forbrukstopper
SYGNIR AS,5521.45,60,80,Topp 1 forbrukstopper
SYGNIR AS,6817.5,80,100,Topp 1 forbrukstopper
SYGNIR AS,12001.87,100,200,Topp 1 forbrukstopper
SYGNIR AS,17186.45,200,300,Topp 1 forbrukstopper
SYGNIR AS,22370.83,300,400,Topp 1 forbrukstopper
SYGNIR AS,27555.2,400,500,Topp 1 forbrukstopper
SYGNIR AS,32739.68,500,600,Topp 1 forbrukstopper
SYGNIR AS,37924.06,600,700,Topp 1 forbrukstopper
SYGNIR AS,43108.54,700,800,Topp 1 forbrukstopper
SYGNIR AS,48293.02,800,900,Topp 1 forbrukstopper
SYGNIR AS,53477.39,900,1000,Topp 1 forbrukstopper
SØR AURDAL ENERGI AS,562.5,0,5,Topp 1 forbrukstopper
SØR AURDAL ENERGI AS,650,5,8,Topp 1 forbrukstopper
SØR AURDAL ENERGI AS,775,8,15,Topp 1 forbrukstopper
SØR AURDAL ENERGI AS,900,15,30,Topp 1 forbrukstopper
SØR AURDAL ENERGI AS,1012.5,30,50,Topp 1 forbrukstopper
SØR AURDAL ENERGI AS,1375,50,10000,Topp 1 forbrukstopper
TENSIO TS AS,72.5,0,2,Topp 2 forbrukstopper innenfor 1 siste måneder
TENSIO TS AS,127.5,2,5,Topp 2 forbrukstopper innenfor 1 siste måneder
TENSIO TS AS,218.75,5,10,Topp 2 forbrukstopper innenfor 1 siste måneder
TENSIO TS AS,322.5,10,15,Topp 2 forbrukstopper innenfor 1 siste måneder
TENSIO TS AS,426.25,15,20,Topp 2 forbrukstopper innenfor 1 siste måneder
TENSIO TS AS,530,20,25,Topp 2 forbrukstopper innenfor 1 siste måneder
TENSIO TS AS,911.25,25,50,Topp 2 forbrukstopper innenfor 1 siste måneder
TENSIO TS AS,1430,50,75,Topp 2 forbrukstopper innenfor 1 siste måneder
TENSIO TS AS,1950,75,100,Topp 2 forbrukstopper innenfor 1 siste måneder
TENSIO TS AS,2816.25,100,150,Topp 2 forbrukstopper innenfor 1 siste måneder
TENSIO TS AS,3855,150,200,Topp 2 forbrukstopper innenfor 1 siste måneder
TENSIO TS AS,5586.25,200,300,Topp 2 forbrukstopper innenfor 1 siste måneder
TENSIO TS AS,7665,300,400,Topp 2 forbrukstopper innenfor 1 siste måneder
TENSIO TS AS,9742.5,400,500,Topp 2 forbrukstopper innenfor 1 siste måneder
TENSIO TS AS,11821.25,500,10000,Topp 2 forbrukstopper innenfor 1 siste måneder
VANG ENERGIVERK AS,333.33,0,10000,Sikringsstørrelse
VEVIG AS,235,0,2,Topp 3 forbrukstopper innenfor 1 siste måneder
VEVIG AS,306.25,2.01,5,Topp 3 forbrukstopper innenfor 1 siste måneder
VEVIG AS,425,5.01,10,Topp 3 forbrukstopper innenfor 1 siste måneder
VEVIG AS,543.75,10.01,15,Topp 3 forbrukstopper innenfor 1 siste måneder
VEVIG AS,662.5,15.01,20,Topp 3 forbrukstopper innenfor 1 siste måneder
VEVIG AS,781.25,20.01,25,Topp 3 forbrukstopper innenfor 1 siste måneder
VEVIG AS,900,25.01,30,Topp 3 forbrukstopper innenfor 1 siste måneder
ELINETT AS,170,0,2,Topp 3 forbrukstopper innenfor 1 siste måneder
ELINETT AS,212.5,2,5,Topp 3 forbrukstopper innenfor 1 siste måneder
ELINETT AS,255,5,10,Topp 3 forbrukstopper innenfor 1 siste måneder
ELINETT AS,425,10,15,Topp 3 forbrukstopper innenfor 1 siste måneder
ELINETT AS,510,15,20,Topp 3 forbrukstopper innenfor 1 siste måneder
ELINETT AS,595,20,25,Topp 3 forbrukstopper innenfor 1 siste måneder
ELINETT AS,850,25,50,Topp 3 forbrukstopper innenfor 1 siste måneder
ELINETT AS,935,50,75,Topp 3 forbrukstopper innenfor 1 siste måneder
ELINETT AS,1020,75,100,Topp 3 forbrukstopper innenfor 1 siste måneder
ELINETT AS,1275,100,99999,Topp 3 forbrukstopper innenfor 1 siste måneder
LINJA AS,192.5,0,2,Topp 3 forbrukstopper innenfor 1 siste måneder
LINJA AS,267.5,2,5,Topp 3 forbrukstopper innenfor 1 siste måneder
LINJA AS,342.5,5,10,Topp 3 forbrukstopper innenfor 1 siste måneder
LINJA AS,492.5,10,15,Topp 3 forbrukstopper innenfor 1 siste måneder
LINJA AS,592.5,15,20,Topp 3 forbrukstopper innenfor 1 siste måneder
LINJA AS,692.5,20,25,Topp 3 forbrukstopper innenfor 1 siste måneder
LINJA AS,880,25,50,Topp 3 forbrukstopper innenfor 1 siste måneder
LINJA AS,980,50,75,Topp 3 forbrukstopper innenfor 1 siste måneder
LINJA AS,1080,75,100,Topp 3 forbrukstopper innenfor 1 siste måneder
LINJA AS,1330,100,10000,Topp 3 forbrukstopper innenfor 1 siste måneder
MELLOM AS,186.04,0,2,Topp 3 forbrukstopper innenfor 1 siste måneder
MELLOM AS,278.95,2,5,Topp 3 forbrukstopper innenfor 1 siste måneder
MELLOM AS,418.95,5,10,Topp 3 forbrukstopper innenfor 1 siste måneder
MELLOM AS,558.95,10,15,Topp 3 forbrukstopper innenfor 1 siste måneder
MELLOM AS,708.02,15,20,Topp 3 forbrukstopper innenfor 1 siste måneder
MELLOM AS,885,20,25,Topp 3 forbrukstopper innenfor 1 siste måneder
MELLOM AS,1118.02,25,50,Topp 3 forbrukstopper innenfor 1 siste måneder
MELLOM AS,1491.04,50,500,Topp 3 forbrukstopper innenfor 1 siste måneder
MØRENETT AS,172.5,0,2,Topp 3 forbrukstopper innenfor 1 siste måneder
MØRENETT AS,216.25,2,5,Topp 3 forbrukstopper innenfor 1 siste måneder
MØRENETT AS,258.75,5,10,Topp 3 forbrukstopper innenfor 1 siste måneder
MØRENETT AS,431.25,10,15,Topp 3 forbrukstopper innenfor 1 siste måneder
MØRENETT AS,517.5,15,20,Topp 3 forbrukstopper innenfor 1 siste måneder
MØRENETT AS,603.75,20,25,Topp 3 forbrukstopper innenfor 1 siste måneder
MØRENETT AS,862.5,25,50,Topp 3 forbrukstopper innenfor 1 siste måneder
MØRENETT AS,948.75,50,75,Topp 3 forbrukstopper innenfor 1 siste måneder
MØRENETT AS,1035,75,100,Topp 3 forbrukstopper innenfor 1 siste måneder
MØRENETT AS,1293.75,100,100,Topp 3 forbrukstopper innenfor 1 siste måneder
NORDVEST NETT AS,106.25,0,2,Topp 3 forbrukstopper innenfor 1 siste måneder
NORDVEST NETT AS,258.75,2,5,Topp 3 forbrukstopper innenfor 1 siste måneder
NORDVEST NETT AS,322.5,5,10,Topp 3 forbrukstopper innenfor 1 siste måneder
NORDVEST NETT AS,481.25,10,15,Topp 3 forbrukstopper innenfor 1 siste måneder
NORDVEST NETT AS,576.25,15,20,Topp 3 forbrukstopper innenfor 1 siste måneder
NORDVEST NETT AS,671.25,20,25,Topp 3 forbrukstopper innenfor 1 siste måneder
NORDVEST NETT AS,1290,25,50,Topp 3 forbrukstopper innenfor 1 siste måneder
NORDVEST NETT AS,1908.75,50,75,Topp 3 forbrukstopper innenfor 1 siste måneder
NORDVEST NETT AS,2528.75,75,100,Topp 3 forbrukstopper innenfor 1 siste måneder
NORDVEST NETT AS,4971.25,100,500,Topp 3 forbrukstopper innenfor 1 siste måneder
ROMSDALSNETT AS,225,0,2,Topp 3 forbrukstopper innenfor 1 siste måneder
ROMSDALSNETT AS,287.5,2,5,Topp 3 forbrukstopper innenfor 1 siste måneder
ROMSDALSNETT AS,350,5,10,Topp 3 forbrukstopper innenfor 1 siste måneder
ROMSDALSNETT AS,562.5,10,15,Topp 3 forbrukstopper innenfor 1 siste måneder
ROMSDALSNETT AS,686.87,15,20,Topp 3 forbrukstopper innenfor 1 siste måneder
ROMSDALSNETT AS,812.5,20,25,Topp 3 forbrukstopper innenfor 1 siste måneder
ROMSDALSNETT AS,1137.5,25,50,Topp 3 forbrukstopper innenfor 1 siste måneder
ROMSDALSNETT AS,1250,50,75,Topp 3 forbrukstopper innenfor 1 siste måneder
ROMSDALSNETT AS,1375,75,100,Topp 3 forbrukstopper innenfor 1 siste måneder
ROMSDALSNETT AS,1750,100,9999999,Topp 3 forbrukstopper innenfor 1 siste måneder
S-NETT AS,236.25,0,2,Topp 3 forbrukstopper innenfor 1 siste måneder
S-NETT AS,327.39,2,5,Topp 3 forbrukstopper innenfor 1 siste måneder
S-NETT AS,473.22,5,10,Topp 3 forbrukstopper innenfor 1 siste måneder
S-NETT AS,655.52,10,15,Topp 3 forbrukstopper innenfor 1 siste måneder
S-NETT AS,837.91,15,20,Topp 3 forbrukstopper innenfor 1 siste måneder
S-NETT AS,1020.2,20,25,Topp 3 forbrukstopper innenfor 1 siste måneder
S-NETT AS,1567.08,25,50,Topp 3 forbrukstopper innenfor 1 siste måneder
S-NETT AS,2478.54,50,75,Topp 3 forbrukstopper innenfor 1 siste måneder
S-NETT AS,3390.1,75,100,Topp 3 forbrukstopper innenfor 1 siste måneder
S-NETT AS,4757.29,100,150,Topp 3 forbrukstopper innenfor 1 siste måneder
S-NETT AS,6580.31,150,200,Topp 3 forbrukstopper innenfor 1 siste måneder
S-NETT AS,9314.79,200,300,Topp 3 forbrukstopper innenfor 1 siste måneder
SANDØY NETT AS,145,0,2,Topp 3 forbrukstopper innenfor 1 siste måneder
SANDØY NETT AS,318.75,2,5,Topp 3 forbrukstopper innenfor 1 siste måneder
SANDØY NETT AS,406.25,5,10,Topp 3 forbrukstopper innenfor 1 siste måneder
SANDØY NETT AS,601.25,10,15,Topp 3 forbrukstopper innenfor 1 siste måneder
SANDØY NETT AS,746.25,15,20,Topp 3 forbrukstopper innenfor 1 siste måneder
SANDØY NETT AS,891.25,20,25,Topp 3 forbrukstopper innenfor 1 siste måneder
SANDØY NETT AS,1261.25,25,50,Topp 3 forbrukstopper innenfor 1 siste måneder
SANDØY NETT AS,1406.25,50,75,Topp 3 forbrukstopper innenfor 1 siste måneder
SANDØY NETT AS,1551.25,75,100,Topp 3 forbrukstopper innenfor 1 siste måneder
SANDØY NETT AS,2087.5,100,999,Topp 3 forbrukstopper innenfor 1 siste måneder
STRAUMEN NETT AS,250,0,5,Topp 3 forbrukstopper innenfor 1 siste måneder
STRAUMEN NETT AS,287.5,5,10,Topp 3 forbrukstopper innenfor 1 siste måneder
STRAUMEN NETT AS,325,10,15,Topp 3 forbrukstopper innenfor 1 siste måneder
STRAUMEN NETT AS,362.5,15,20,Topp 3 forbrukstopper innenfor 1 siste måneder
STRAUMEN NETT AS,400,20,25,Topp 3 forbrukstopper innenfor 1 siste måneder
STRAUMEN NETT AS,437.5,25,999,Topp 3 forbrukstopper innenfor 1 siste måneder
SUNETT AS,342.91,1,999,Sikringsstørrelse
TINDRA NETT AS,230,0,2,Topp 3 forbrukstopper innenfor 1 siste måneder
TINDRA NETT AS,276.25,2,5,Topp 3 forbrukstopper innenfor 1 siste måneder
TINDRA NETT AS,300,5,10,Topp 3 forbrukstopper innenfor 1 siste måneder
TINDRA NETT AS,368.75,10,15,Topp 3 forbrukstopper innenfor 1 siste måneder
TINDRA NETT AS,403.75,15,20,Topp 3 forbrukstopper innenfor 1 siste måneder
TINDRA NETT AS,437.5,20,25,Topp 3 forbrukstopper innenfor 1 siste måneder
TINDRA NETT AS,483.75,25,9999,Topp 3 forbrukstopper innenfor 1 siste måneder
ANDØY ENERGI NETT AS,307,0,5,Topp 3 forbrukstopper innenfor 1 siste måneder
ANDØY ENERGI NETT AS,525,5,10,Topp 3 forbrukstopper innenfor 1 siste måneder
ANDØY ENERGI NETT AS,743,10,15,Topp 3 forbrukstopper innenfor 1 siste måneder
ANDØY ENERGI NETT AS,960,15,20,Topp 3 forbrukstopper innenfor 1 siste måneder
ANDØY ENERGI NETT AS,1178,20,25,Topp 3 forbrukstopper innenfor 1 siste måneder
ANDØY ENERGI NETT AS,1838,25,50,Topp 3 forbrukstopper innenfor 1 siste måneder
ARVA AS,62,0,2,Topp 3 forbrukstopper innenfor 1 siste måneder
ARVA AS,147.33,2,5,Topp 3 forbrukstopper innenfor 1 siste måneder
ARVA AS,290.91,5,10,Topp 3 forbrukstopper innenfor 1 siste måneder
ARVA AS,435.16,10,15,Topp 3 forbrukstopper innenfor 1 siste måneder
ARVA AS,579,15,20,Topp 3 forbrukstopper innenfor 1 siste måneder
ARVA AS,723.16,20,25,Topp 3 forbrukstopper innenfor 1 siste måneder
ARVA AS,1443.16,25,50,Topp 3 forbrukstopper innenfor 1 siste måneder
ARVA AS,2163.25,50,75,Topp 3 forbrukstopper innenfor 1 siste måneder
ARVA AS,2883.41,75,100,Topp 3 forbrukstopper innenfor 1 siste måneder
ARVA AS,4351.41,100,1000,Topp 3 forbrukstopper innenfor 1 siste måneder
BINDAL KRAFTLAG SA,266.66,0,25,Sikringsstørrelse
BINDAL KRAFTLAG SA,283.33,25,32,Sikringsstørrelse
ELMEA AS,266.3,0,2,Topp 3 forbrukstopper innenfor 1 siste måneder
ELMEA AS,397.5,2,5,Topp 3 forbrukstopper innenfor 1 siste måneder
ELMEA AS,607.4,5,10,Topp 3 forbrukstopper innenfor 1 siste måneder
ELMEA AS,869.9,10,15,Topp 3 forbrukstopper innenfor 1 siste måneder
ELMEA AS,1132.3,15,20,Topp 3 forbrukstopper innenfor 1 siste måneder
ELMEA AS,1394.8,20,25,Topp 3 forbrukstopper innenfor 1 siste måneder
ELMEA AS,2182,25,50,Topp 3 forbrukstopper innenfor 1 siste måneder
ELMEA AS,3494.2,50,75,Topp 3 forbrukstopper innenfor 1 siste måneder
ELMEA AS,4806.3,75,100,Topp 3 forbrukstopper innenfor 1 siste måneder
ELMEA AS,9398.9,100,200,Topp 3 forbrukstopper innenfor 1 siste måneder
ELMEA AS,19896.2,200,9999,Topp 3 forbrukstopper innenfor 1 siste måneder
HÅLOGALAND KRAFT NETT AS,210,0,2,Topp 3 forbrukstopper innenfor 1 siste måneder
HÅLOGALAND KRAFT NETT AS,300,2,4,Topp 3 forbrukstopper innenfor 1 siste måneder
HÅLOGALAND KRAFT NETT AS,370,4,6,Topp 3 forbrukstopper innenfor 1 siste måneder
HÅLOGALAND KRAFT NETT AS,420,6,8,Topp 3 forbrukstopper innenfor 1 siste måneder
HÅLOGALAND KRAFT NETT AS,470,8,10,Topp 3 forbrukstopper innenfor 1 siste måneder
HÅLOGALAND KRAFT NETT AS,520,10,15,Topp 3 forbrukstopper innenfor 1 siste måneder
HÅLOGALAND KRAFT NETT AS,620,15,20,Topp 3 forbrukstopper innenfor 1 siste måneder
HÅLOGALAND KRAFT NETT AS,820,20,25,Topp 3 forbrukstopper innenfor 1 siste måneder
HÅLOGALAND KRAFT NETT AS,990,25,30,Topp 3 forbrukstopper innenfor 1 siste måneder
HÅLOGALAND KRAFT NETT AS,1160,30,35,Topp 3 forbrukstopper innenfor 1 siste måneder
HÅLOGALAND KRAFT NETT AS,1330,35,40,Topp 3 forbrukstopper innenfor 1 siste måneder
HÅLOGALAND KRAFT NETT AS,1500,40,99,Topp 3 forbrukstopper innenfor 1 siste måneder
ISALTEN NETT AS,95,0,1.99,Topp 3 forbrukstopper innenfor 1 siste måneder
ISALTEN NETT AS,285.08,2,4.99,Topp 3 forbrukstopper innenfor 1 siste måneder
ISALTEN NETT AS,380.16,5,9.99,Topp 3 forbrukstopper innenfor 1 siste måneder
ISALTEN NETT AS,475.16,10,14.99,Topp 3 forbrukstopper innenfor 1 siste måneder
ISALTEN NETT AS,570.25,15,19.99,Topp 3 forbrukstopper innenfor 1 siste måneder
ISALTEN NETT AS,665.25,20,24.99,Topp 3 forbrukstopper innenfor 1 siste måneder
ISALTEN NETT AS,1710.66,25,49.99,Topp 3 forbrukstopper innenfor 1 siste måneder
ISALTEN NETT AS,2756.16,50,74.99,Topp 3 forbrukstopper innenfor 1 siste måneder
ISALTEN NETT AS,3801.58,75,99.99,Topp 3 forbrukstopper innenfor 1 siste måneder
ISALTEN NETT AS,5892.41,100,9999,Topp 3 forbrukstopper innenfor 1 siste måneder
KYSTNETT AS,493.16,0,5,Topp 3 forbrukstopper innenfor 1 siste måneder
KYSTNETT AS,889.5,5,10,Topp 3 forbrukstopper innenfor 1 siste måneder
KYSTNETT AS,1285.83,10,15,Topp 3 forbrukstopper innenfor 1 siste måneder
KYSTNETT AS,1682.25,15,20,Topp 3 forbrukstopper innenfor 1 siste måneder
KYSTNETT AS,2078.58,20,25,Topp 3 forbrukstopper innenfor 1 siste måneder
KYSTNETT AS,3267.66,25,50,Topp 3 forbrukstopper innenfor 1 siste måneder
KYSTNETT AS,5249.5,50,75,Topp 3 forbrukstopper innenfor 1 siste måneder
KYSTNETT AS,7231.25,75,100,Topp 3 forbrukstopper innenfor 1 siste måneder
KYSTNETT AS,10204,100,150,Topp 3 forbrukstopper innenfor 1 siste måneder
KYSTNETT AS,14167.58,150,200,Topp 3 forbrukstopper innenfor 1 siste måneder
LINEA AS,110,0,1.99,Topp 3 forbrukstopper innenfor 1 siste måneder
LINEA AS,180,2,4.99,Topp 3 forbrukstopper innenfor 1 siste måneder
LINEA AS,280,5,9.99,Topp 3 forbrukstopper innenfor 1 siste måneder
LINEA AS,410,10,14.99,Topp 3 forbrukstopper innenfor 1 siste måneder
LINEA AS,540,15,19.99,Topp 3 forbrukstopper innenfor 1 siste måneder
LINEA AS,740,20,24.99,Topp 3 forbrukstopper innenfor 1 siste måneder
LINEA AS,940,25,49.99,Topp 3 forbrukstopper innenfor 1 siste måneder
LINEA AS,1540,50,74.99,Topp 3 forbrukstopper innenfor 1 siste måneder
LINEA AS,2140,75,99.99,Topp 3 forbrukstopper innenfor 1 siste måneder
LINEA AS,3040,100,149.99,Topp 3 forbrukstopper innenfor 1 siste måneder
LINEA AS,4240,150,199.99,Topp 3 forbrukstopper innenfor 1 siste måneder
LINEA AS,6040,200,9999,Topp 3 forbrukstopper innenfor 1 siste måneder
MELØY NETT AS,229.83,0,2,Topp 3 forbrukstopper innenfor 1 siste måneder
MELØY NETT AS,275.75,2,5,Topp 3 forbrukstopper innenfor 1 siste måneder
MELØY NETT AS,298.75,5,10,Topp 3 forbrukstopper innenfor 1 siste måneder
MELØY NETT AS,321.75,10,15,Topp 3 forbrukstopper innenfor 1 siste måneder
MELØY NETT AS,344.75,15,20,Topp 3 forbrukstopper innenfor 1 siste måneder
MELØY NETT AS,402.16,20,25,Topp 3 forbrukstopper innenfor 1 siste måneder
MELØY NETT AS,436.66,25,50,Topp 3 forbrukstopper innenfor 1 siste måneder
MELØY NETT AS,482.58,50,75,Topp 3 forbrukstopper innenfor 1 siste måneder
MELØY NETT AS,528.58,75,100,Topp 3 forbrukstopper innenfor 1 siste måneder
MELØY NETT AS,574.5,100,1000,Topp 3 forbrukstopper innenfor 1 siste måneder
TROLLFJORD NETT AS,287.33,0,5,Topp 3 forbrukstopper innenfor 1 siste måneder
TROLLFJORD NETT AS,430.08,5,10,Topp 3 forbrukstopper innenfor 1 siste måneder
TROLLFJORD NETT AS,572.83,10,15,Topp 3 forbrukstopper innenfor 1 siste måneder
TROLLFJORD NETT AS,715.58,15,20,Topp 3 forbrukstopper innenfor 1 siste måneder
TROLLFJORD NETT AS,858.33,20,25,Topp 3 forbrukstopper innenfor 1 siste måneder
TROLLFJORD NETT AS,1286.58,25,50,Topp 3 forbrukstopper innenfor 1 siste måneder
TROLLFJORD NETT AS,2000.33,50,75,Topp 3 forbrukstopper innenfor 1 siste måneder
TROLLFJORD NETT AS,2714.08,75,100,Topp 3 forbrukstopper innenfor 1 siste måneder
TROLLFJORD NETT AS,3784.66,100,150,Topp 3 forbrukstopper innenfor 1 siste måneder
VESTALL AS,258.33,0,25,Sikringsstørrelse
VESTALL AS,1915,25,50,Sikringsstørrelse
FAGNE AS,310,0,5,Topp 3 forbrukstopper innenfor 1 siste måneder
FAGNE AS,410,5,10,Topp 3 forbrukstopper innenfor 1 siste måneder
FAGNE AS,510,10,15,Topp 3 forbrukstopper innenfor 1 siste måneder
FAGNE AS,610,15,20,Topp 3 forbrukstopper innenfor 1 siste måneder
FAGNE AS,710,20,25,Topp 3 forbrukstopper innenfor 1 siste måneder
FAGNE AS,2000,25,50,Topp 3 forbrukstopper innenfor 1 siste måneder
FAGNE AS,3000,50,75,Topp 3 forbrukstopper innenfor 1 siste måneder
FAGNE AS,4000,75,100,Topp 3 forbrukstopper innenfor 1 siste måneder
FAGNE AS,5000,100,9999,Topp 3 forbrukstopper innenfor 1 siste måneder
JÆREN EVERK AS,162.5,0,2,Topp 3 forbrukstopper innenfor 1 siste måneder
JÆREN EVERK AS,256.25,2,5,Topp 3 forbrukstopper innenfor 1 siste måneder
JÆREN EVERK AS,406.25,5,10,Topp 3 forbrukstopper innenfor 1 siste måneder
JÆREN EVERK AS,593.75,10,15,Topp 3 forbrukstopper innenfor 1 siste måneder
JÆREN EVERK AS,781.25,15,20,Topp 3 forbrukstopper innenfor 1 siste måneder
JÆREN EVERK AS,968.75,20,25,Topp 3 forbrukstopper innenfor 1 siste måneder
JÆREN EVERK AS,1531.25,25,50,Topp 3 forbrukstopper innenfor 1 siste måneder
JÆREN EVERK AS,2468.75,50,75,Topp 3 forbrukstopper innenfor 1 siste måneder
JÆREN EVERK AS,3406.25,75,100,Topp 3 forbrukstopper innenfor 1 siste måneder
JÆREN EVERK AS,4812.5,100,150,Topp 3 forbrukstopper innenfor 1 siste måneder
JÆREN EVERK AS,6687.5,150,200,Topp 3 forbrukstopper innenfor 1 siste måneder
JÆREN EVERK AS,8562.5,200,1000,Topp 3 forbrukstopper innenfor 1 siste måneder
KE NETT AS,225,0,5,Topp 3 forbrukstopper innenfor 1 siste måneder
KE NETT AS,350,5,10,Topp 3 forbrukstopper innenfor 1 siste måneder
KE NETT AS,475,10,15,Topp 3 forbrukstopper innenfor 1 siste måneder
KE NETT AS,600,15,20,Topp 3 forbrukstopper innenfor 1 siste måneder
KE NETT AS,725,20,25,Topp 3 forbrukstopper innenfor 1 siste måneder
KE NETT AS,1475,25,50,Topp 3 forbrukstopper innenfor 1 siste måneder
KE NETT AS,1875,50,75,Topp 3 forbrukstopper innenfor 1 siste måneder
KE NETT AS,2500,75,100,Topp 3 forbrukstopper innenfor 1 siste måneder
KE NETT AS,4812.5,100,1000,Topp 3 forbrukstopper innenfor 1 siste måneder
LNETT AS,250,0,5,Topp 3 forbrukstopper innenfor 1 siste måneder
LNETT AS,350,5,10,Topp 3 forbrukstopper innenfor 1 siste måneder
LNETT AS,475,10,15,Topp 3 forbrukstopper innenfor 1 siste måneder
LNETT AS,625,15,20,Topp 3 forbrukstopper innenfor 1 siste måneder
LNETT AS,750,20,25,Topp 3 forbrukstopper innenfor 1 siste måneder
LNETT AS,1500,25,50,Topp 3 forbrukstopper innenfor 1 siste måneder
LNETT AS,2125,50,75,Topp 3 forbrukstopper innenfor 1 siste måneder
LNETT AS,2750,75,100,Topp 3 forbrukstopper innenfor 1 siste måneder
LNETT AS,5000,100,10000,Topp 3 forbrukstopper innenfor 1 siste måneder
ALUT AS,208.33,0,125,Sikringsstørrelse
ALUT AS,233.33,126,200,Sikringsstørrelse
ARVA AS*,62,0,2,Topp 3 forbrukstopper innenfor 1 siste måneder
ARVA AS*,147.33,2,5,Topp 3 forbrukstopper innenfor 1 siste måneder
ARVA AS*,290.91,5,10,Topp 3 forbrukstopper innenfor 1 siste måneder
ARVA AS*,435.16,10,15,Topp 3 forbrukstopper innenfor 1 siste måneder
ARVA AS*,579,15,20,Topp 3 forbrukstopper innenfor 1 siste måneder
ARVA AS*,723.16,20,25,Topp 3 forbrukstopper innenfor 1 siste måneder
ARVA AS*,1443.16,25,50,Topp 3 forbrukstopper innenfor 1 siste måneder
ARVA AS*,2163.25,50,75,Topp 3 forbrukstopper innenfor 1 siste måneder
ARVA AS*,2883.41,75,100,Topp 3 forbrukstopper innenfor 1 siste måneder
ARVA AS*,4351.41,100,1000,Topp 3 forbrukstopper innenfor 1 siste måneder
BARENTS NETT AS,329.58,0,2,Topp 3 forbrukstopper innenfor 1 siste måneder
BARENTS NETT AS,362.5,2,5,Topp 3 forbrukstopper innenfor 1 siste måneder
BARENTS NETT AS,395.83,5,10,Topp 3 forbrukstopper innenfor 1 siste måneder
BARENTS NETT AS,428.33,10,15,Topp 3 forbrukstopper innenfor 1 siste måneder
BARENTS NETT AS,494.16,15,20,Topp 3 forbrukstopper innenfor 1 siste måneder
BARENTS NETT AS,593.33,20,1000,Topp 3 forbrukstopper innenfor 1 siste måneder
LEGA NETT AS,170,0,2,Topp 3 forbrukstopper innenfor 1 siste måneder
LEGA NETT AS,221,2,5,Topp 3 forbrukstopper innenfor 1 siste måneder
LEGA NETT AS,272,5,10,Topp 3 forbrukstopper innenfor 1 siste måneder
LEGA NETT AS,323,10,15,Topp 3 forbrukstopper innenfor 1 siste måneder
LEGA NETT AS,374,15,20,Topp 3 forbrukstopper innenfor 1 siste måneder
LEGA NETT AS,425,20,25,Topp 3 forbrukstopper innenfor 1 siste måneder
LEGA NETT AS,476,25,100,Topp 3 forbrukstopper innenfor 1 siste måneder
LUCERNA AS,199,0,2,Topp 3 forbrukstopper innenfor 1 siste måneder
LUCERNA AS,238,2,5,Topp 3 forbrukstopper innenfor 1 siste måneder
LUCERNA AS,288,5,10,Topp 3 forbrukstopper innenfor 1 siste måneder
LUCERNA AS,318,10,15,Topp 3 forbrukstopper innenfor 1 siste måneder
LUCERNA AS,389.5,15,20,Topp 3 forbrukstopper innenfor 1 siste måneder
LUCERNA AS,447,20,25,Topp 3 forbrukstopper innenfor 1 siste måneder
LUCERNA AS,496,25,50,Topp 3 forbrukstopper innenfor 1 siste måneder
LUCERNA AS,546,50,75,Topp 3 forbrukstopper innenfor 1 siste måneder
LUCERNA AS,596,75,100,Topp 3 forbrukstopper innenfor 1 siste måneder
LUOSTEJOK NETT AS,60,0,2,Topp 3 forbrukstopper innenfor 1 siste måneder
LUOSTEJOK NETT AS,110,2,5,Topp 3 forbrukstopper innenfor 1 siste måneder
LUOSTEJOK NETT AS,140,5,10,Topp 3 forbrukstopper innenfor 1 siste måneder
LUOSTEJOK NETT AS,180,10,15,Topp 3 forbrukstopper innenfor 1 siste måneder
LUOSTEJOK NETT AS,210,15,20,Topp 3 forbrukstopper innenfor 1 siste måneder
LUOSTEJOK NETT AS,240,20,25,Topp 3 forbrukstopper innenfor 1 siste måneder
LUOSTEJOK NETT AS,400,25,1e+05,Topp 3 forbrukstopper innenfor 1 siste måneder
NETTINORD AS,493.16,0,50,Sikringsstørrelse
NETTINORD AS,506.25,51,64,Sikringsstørrelse
VISSI AS,230,0,5,Topp 3 forbrukstopper innenfor 1 siste måneder
VISSI AS,400,5,10,Topp 3 forbrukstopper innenfor 1 siste måneder
VISSI AS,570,10,15,Topp 3 forbrukstopper innenfor 1 siste måneder
VISSI AS,740,15,20,Topp 3 forbrukstopper innenfor 1 siste måneder
VISSI AS,910,20,25,Topp 3 forbrukstopper innenfor 1 siste måneder
VISSI AS,1500,25,50,Topp 3 forbrukstopper innenfor 1 siste måneder
VISSI AS,2025,50,75,Topp 3 forbrukstopper innenfor 1 siste måneder
VISSI AS,2500,75,100,Topp 3 forbrukstopper innenfor 1 siste måneder
VISSI AS,3000,100,150,Topp 3 forbrukstopper innenfor 1 siste måneder
VISSI AS,3400,150,200,Topp 3 forbrukstopper innenfor 1 siste måneder
VISSI AS,3900,200,10000,Topp 3 forbrukstopper innenfor 1 siste måneder
NETTSELSKAPET AS,100,0,2,Topp 3 forbrukstopper innenfor 1 siste måneder
NETTSELSKAPET AS,187.5,2,5,Topp 3 forbrukstopper innenfor 1 siste måneder
NETTSELSKAPET AS,312.5,5,10,Topp 3 forbrukstopper innenfor 1 siste måneder
NETTSELSKAPET AS,462.5,10,15,Topp 3 forbrukstopper innenfor 1 siste måneder
NETTSELSKAPET AS,612.5,15,20,Topp 3 forbrukstopper innenfor 1 siste måneder
NETTSELSKAPET AS,762.5,20,25,Topp 3 forbrukstopper innenfor 1 siste måneder
NETTSELSKAPET AS,1300,25,50,Topp 3 forbrukstopper innenfor 1 siste måneder
NETTSELSKAPET AS,2037.5,50,75,Topp 3 forbrukstopper innenfor 1 siste måneder
NETTSELSKAPET AS,2787.5,75,100,Topp 3 forbrukstopper innenfor 1 siste måneder
NETTSELSKAPET AS,4025,100,150,Topp 3 forbrukstopper innenfor 1 siste måneder
NETTSELSKAPET AS,5512.5,150,200,Topp 3 forbrukstopper innenfor 1 siste måneder
NETTSELSKAPET AS,7975,200,300,Topp 3 forbrukstopper innenfor 1 siste måneder
NETTSELSKAPET AS,10950,300,400,Topp 3 forbrukstopper innenfor 1 siste måneder
NETTSELSKAPET AS,13925,400,500,Topp 3 forbrukstopper innenfor 1 siste måneder
NETTSELSKAPET AS,16887.5,500,9999,Topp 3 forbrukstopper innenfor 1 siste måneder
TENSIO TN AS,90,0,2,Topp 3 forbrukstopper innenfor 1 siste måneder
TENSIO TN AS,180,2,5,Topp 3 forbrukstopper innenfor 1 siste måneder
TENSIO TN AS,326.25,5,10,Topp 3 forbrukstopper innenfor 1 siste måneder
TENSIO TN AS,495,10,15,Topp 3 forbrukstopper innenfor 1 siste måneder
TENSIO TN AS,663.75,15,20,Topp 3 forbrukstopper innenfor 1 siste måneder
TENSIO TN AS,832.5,20,25,Topp 3 forbrukstopper innenfor 1 siste måneder
TENSIO TN AS,19158.33,25,50,Topp 3 forbrukstopper innenfor 1 siste måneder
TENSIO TN AS,2293.75,50,75,Topp 3 forbrukstopper innenfor 1 siste måneder
TENSIO TN AS,3137.5,75,100,Topp 3 forbrukstopper innenfor 1 siste måneder
TENSIO TN AS,4542.5,100,150,Topp 3 forbrukstopper innenfor 1 siste måneder
TENSIO TN AS,6230,150,200,Topp 3 forbrukstopper innenfor 1 siste måneder
TENSIO TN AS,9040,200,300,Topp 3 forbrukstopper innenfor 1 siste måneder
TENSIO TN AS,12413.75,300,400,Topp 3 forbrukstopper innenfor 1 siste måneder
TENSIO TN AS,15787.5,400,500,Topp 3 forbrukstopper innenfor 1 siste måneder
TENSIO TN AS,19160,500,10000,Topp 3 forbrukstopper innenfor 1 siste måneder
DE NETT AS,362.5,0,2,Topp 3 forbrukstopper innenfor 1 siste måneder
DE NETT AS,468.75,2,5,Topp 3 forbrukstopper innenfor 1 siste måneder
DE NETT AS,575,5,10,Topp 3 forbrukstopper innenfor 1 siste måneder
DE NETT AS,787.5,10,15,Topp 3 forbrukstopper innenfor 1 siste måneder
DE NETT AS,1000,15,20,Topp 3 forbrukstopper innenfor 1 siste måneder
DE NETT AS,1212.5,20,25,Topp 3 forbrukstopper innenfor 1 siste måneder
DE NETT AS,1850,25,50,Topp 3 forbrukstopper innenfor 1 siste måneder
DE NETT AS,2912.5,50,75,Topp 3 forbrukstopper innenfor 1 siste måneder
DE NETT AS,3975,75,100,Topp 3 forbrukstopper innenfor 1 siste måneder
DE NETT AS,5575,100,150,Topp 3 forbrukstopper innenfor 1 siste måneder
DE NETT AS,7700,150,200,Topp 3 forbrukstopper innenfor 1 siste måneder
DE NETT AS,10887.5,200,999999,Topp 3 forbrukstopper innenfor 1 siste måneder
EVERKET AS,420,0,5,Topp 3 forbrukstopper innenfor 1 siste måneder
EVERKET AS,480,5,10,Topp 3 forbrukstopper innenfor 1 siste måneder
EVERKET AS,540,10,15,Topp 3 forbrukstopper innenfor 1 siste måneder
EVERKET AS,600,15,20,Topp 3 forbrukstopper innenfor 1 siste måneder
EVERKET AS,660,20,99,Topp 3 forbrukstopper innenfor 1 siste måneder
FØRE AS,295.2,0,1.99,Topp 3 forbrukstopper innenfor 1 siste måneder
FØRE AS,383.75,2,4.99,Topp 3 forbrukstopper innenfor 1 siste måneder
FØRE AS,472.29,5,9.99,Topp 3 forbrukstopper innenfor 1 siste måneder
FØRE AS,560.83,10,14.99,Topp 3 forbrukstopper innenfor 1 siste måneder
FØRE AS,649.37,15,19.99,Topp 3 forbrukstopper innenfor 1 siste måneder
FØRE AS,1239.79,20,24.99,Topp 3 forbrukstopper innenfor 1 siste måneder
FØRE AS,1830.1,25,49.99,Topp 3 forbrukstopper innenfor 1 siste måneder
FØRE AS,2420.41,50,74.99,Topp 3 forbrukstopper innenfor 1 siste måneder
FØRE AS,3010.83,75,99.99,Topp 3 forbrukstopper innenfor 1 siste måneder
FØRE AS,3601.14,100,149.99,Topp 3 forbrukstopper innenfor 1 siste måneder
FØRE AS,4191.56,150,199.99,Topp 3 forbrukstopper innenfor 1 siste måneder
FØRE AS,4781.87,200,499.99,Topp 3 forbrukstopper innenfor 1 siste måneder
LEDE AS,205,0,5,Topp 3 forbrukstopper innenfor 1 siste måneder
LEDE AS,350,5,10,Topp 3 forbrukstopper innenfor 1 siste måneder
LEDE AS,493.75,10,15,Topp 3 forbrukstopper innenfor 1 siste måneder
LEDE AS,638.75,15,20,Topp 3 forbrukstopper innenfor 1 siste måneder
LEDE AS,783.75,20,25,Topp 3 forbrukstopper innenfor 1 siste måneder
LEDE AS,1217.5,25,50,Topp 3 forbrukstopper innenfor 1 siste måneder
LEDE AS,1941.25,50,75,Topp 3 forbrukstopper innenfor 1 siste måneder
LEDE AS,2663.75,75,100,Topp 3 forbrukstopper innenfor 1 siste måneder
RK NETT AS,365.2,0,2,Topp 3 forbrukstopper innenfor 1 siste måneder
RK NETT AS,438.22,2,5,Topp 3 forbrukstopper innenfor 1 siste måneder
RK NETT AS,474.79,5,10,Topp 3 forbrukstopper innenfor 1 siste måneder
RK NETT AS,511.25,10,15,Topp 3 forbrukstopper innenfor 1 siste måneder
RK NETT AS,547.81,15,20,Topp 3 forbrukstopper innenfor 1 siste måneder
RK NETT AS,639.06,20,25,Topp 3 forbrukstopper innenfor 1 siste måneder
RK NETT AS,693.85,25,50,Topp 3 forbrukstopper innenfor 1 siste måneder
RK NETT AS,766.87,50,75,Topp 3 forbrukstopper innenfor 1 siste måneder
RK NETT AS,840,75,100,Topp 3 forbrukstopper innenfor 1 siste måneder
RK NETT AS,913.02,100,150,Topp 3 forbrukstopper innenfor 1 siste måneder
RK NETT AS,986.04,150,200,Topp 3 forbrukstopper innenfor 1 siste måneder
RK NETT AS,1059.06,200,1000,Topp 3 forbrukstopper innenfor 1 siste måneder
STANNUM AS,238.75,0,2,Topp 3 forbrukstopper innenfor 1 siste måneder
STANNUM AS,286.25,2,5,Topp 3 forbrukstopper innenfor 1 siste måneder
STANNUM AS,311.25,5,10,Topp 3 forbrukstopper innenfor 1 siste måneder
STANNUM AS,335,10,15,Topp 3 forbrukstopper innenfor 1 siste måneder
STANNUM AS,358.75,15,20,Topp 3 forbrukstopper innenfor 1 siste måneder
STANNUM AS,418.75,20,25,Topp 3 forbrukstopper innenfor 1 siste måneder
STANNUM AS,454.68,25,50,Topp 3 forbrukstopper innenfor 1 siste måneder
STANNUM AS,502.5,50,75,Topp 3 forbrukstopper innenfor 1 siste måneder
STANNUM AS,550,75,100,Topp 3 forbrukstopper innenfor 1 siste måneder
STANNUM AS,597.08,100,200,Topp 3 forbrukstopper innenfor 1 siste måneder
VEST-TELEMARK KRAFTLAG NETT AS,375,0,5,Topp 3 forbrukstopper innenfor 1 siste måneder
VEST-TELEMARK KRAFTLAG NETT AS,475,5,10,Topp 3 forbrukstopper innenfor 1 siste måneder
VEST-TELEMARK KRAFTLAG NETT AS,900,10,15,Topp 3 forbrukstopper innenfor 1 siste måneder
VEST-TELEMARK KRAFTLAG NETT AS,1500,15,20,Topp 3 forbrukstopper innenfor 1 siste måneder
VEST-TELEMARK KRAFTLAG NETT AS,2000,20,25,Topp 3 forbrukstopper innenfor 1 siste måneder
VEST-TELEMARK KRAFTLAG NETT AS,3500,25,50,Topp 3 forbrukstopper innenfor 1 siste måneder
VEST-TELEMARK KRAFTLAG NETT AS,6000,50,75,Topp 3 forbrukstopper innenfor 1 siste måneder
VEST-TELEMARK KRAFTLAG NETT AS,7500,75,100,Topp 3 forbrukstopper innenfor 1 siste måneder
VESTMAR NETT AS,336.87,0,5,Topp 3 forbrukstopper innenfor 1 siste måneder
VESTMAR NETT AS,595.62,5,10,Topp 3 forbrukstopper innenfor 1 siste måneder
VESTMAR NETT AS,854.37,10,15,Topp 3 forbrukstopper innenfor 1 siste måneder
VESTMAR NETT AS,1113.12,15,20,Topp 3 forbrukstopper innenfor 1 siste måneder
VESTMAR NETT AS,1371.77,20,25,Topp 3 forbrukstopper innenfor 1 siste måneder
VESTMAR NETT AS,2148.02,25,50,Topp 3 forbrukstopper innenfor 1 siste måneder
VESTMAR NETT AS,3441.66,50,75,Topp 3 forbrukstopper innenfor 1 siste måneder
VESTMAR NETT AS,4735.31,75,100,Topp 3 forbrukstopper innenfor 1 siste måneder
VESTMAR NETT AS,6675.72,100,150,Topp 3 forbrukstopper innenfor 1 siste måneder
VESTMAR NETT AS,9263.02,150,200,Topp 3 forbrukstopper innenfor 1 siste måneder
VESTMAR NETT AS,13143.95,200,1000,Topp 3 forbrukstopper innenfor 1 siste måneder
BKK NETT AS,125,0,2,Topp 3 forbrukstopper innenfor 1 siste måneder
BKK NETT AS,206.25,2,5,Topp 3 forbrukstopper innenfor 1 siste måneder
BKK NETT AS,350,5,10,Topp 3 forbrukstopper innenfor 1 siste måneder
BKK NETT AS,493.75,10,15,Topp 3 forbrukstopper innenfor 1 siste måneder
BKK NETT AS,637.5,15,20,Topp 3 forbrukstopper innenfor 1 siste måneder
BKK NETT AS,781.25,20,25,Topp 3 forbrukstopper innenfor 1 siste måneder
BKK NETT AS,1500,25,50,Topp 3 forbrukstopper innenfor 1 siste måneder
BKK NETT AS,2218.75,50,75,Topp 3 forbrukstopper innenfor 1 siste måneder
BKK NETT AS,2937.5,75,100,Topp 3 forbrukstopper innenfor 1 siste måneder
BKK NETT AS,5812.5,100,1000,Topp 3 forbrukstopper innenfor 1 siste måneder
BREHEIM NETT AS,225,0,5,Topp 3 forbrukstopper innenfor 1 siste måneder
BREHEIM NETT AS,450,5,10,Topp 3 forbrukstopper innenfor 1 siste måneder
BREHEIM NETT AS,675,10,15,Topp 3 forbrukstopper innenfor 1 siste måneder
BREHEIM NETT AS,900,15,20,Topp 3 forbrukstopper innenfor 1 siste måneder
BREHEIM NETT AS,1138.02,20,25,Topp 3 forbrukstopper innenfor 1 siste måneder
BREHEIM NETT AS,2263.02,25,50,Topp 3 forbrukstopper innenfor 1 siste måneder
BREHEIM NETT AS,3400,50,75,Topp 3 forbrukstopper innenfor 1 siste måneder
BREHEIM NETT AS,4538.02,75,100,Topp 3 forbrukstopper innenfor 1 siste måneder
BREHEIM NETT AS,6800,100,150,Topp 3 forbrukstopper innenfor 1 siste måneder
BREHEIM NETT AS,9075,150,200,Topp 3 forbrukstopper innenfor 1 siste måneder
BREHEIM NETT AS,13612.91,200,9999,Topp 3 forbrukstopper innenfor 1 siste måneder
BØMLO KRAFTNETT AS,300,0,2,Topp 3 forbrukstopper innenfor 1 siste måneder
BØMLO KRAFTNETT AS,400,2,5,Topp 3 forbrukstopper innenfor 1 siste måneder
BØMLO KRAFTNETT AS,500,5,10,Topp 3 forbrukstopper innenfor 1 siste måneder
BØMLO KRAFTNETT AS,600,10,15,Topp 3 forbrukstopper innenfor 1 siste måneder
BØMLO KRAFTNETT AS,750,15,20,Topp 3 forbrukstopper innenfor 1 siste måneder
BØMLO KRAFTNETT AS,900,20,25,Topp 3 forbrukstopper innenfor 1 siste måneder
BØMLO KRAFTNETT AS,2100,25,50,Topp 3 forbrukstopper innenfor 1 siste måneder
BØMLO KRAFTNETT AS,3100,50,75,Topp 3 forbrukstopper innenfor 1 siste måneder
BØMLO KRAFTNETT AS,4100,75,100,Topp 3 forbrukstopper innenfor 1 siste måneder
BØMLO KRAFTNETT AS,5100,100,10000,Topp 3 forbrukstopper innenfor 1 siste måneder
HAVNETT AS,350,0,5,Topp 3 forbrukstopper innenfor 1 siste måneder
HAVNETT AS,450,5,10,Topp 3 forbrukstopper innenfor 1 siste måneder
HAVNETT AS,550,10,15,Topp 3 forbrukstopper innenfor 1 siste måneder
HAVNETT AS,650,15,20,Topp 3 forbrukstopper innenfor 1 siste måneder
HAVNETT AS,750,20,25,Topp 3 forbrukstopper innenfor 1 siste måneder
INDRE HORDALAND KRAFTNETT AS,260,0,2,Topp 3 forbrukstopper innenfor 1 siste måneder
INDRE HORDALAND KRAFTNETT AS,320,2,5,Topp 3 forbrukstopper innenfor 1 siste måneder
INDRE HORDALAND KRAFTNETT AS,450,5,10,Topp 3 forbrukstopper innenfor 1 siste måneder
INDRE HORDALAND KRAFTNETT AS,580,10,15,Topp 3 forbrukstopper innenfor 1 siste måneder
INDRE HORDALAND KRAFTNETT AS,710,15,20,Topp 3 forbrukstopper innenfor 1 siste måneder
INDRE HORDALAND KRAFTNETT AS,840,20,25,Topp 3 forbrukstopper innenfor 1 siste måneder
INDRE HORDALAND KRAFTNETT AS,970,25,50,Topp 3 forbrukstopper innenfor 1 siste måneder
KVAM ENERGI NETT AS,275,0,2,Topp 3 forbrukstopper innenfor 1 siste måneder
KVAM ENERGI NETT AS,375,2,5,Topp 3 forbrukstopper innenfor 1 siste måneder
KVAM ENERGI NETT AS,575,5,10,Topp 3 forbrukstopper innenfor 1 siste måneder
KVAM ENERGI NETT AS,875,10,15,Topp 3 forbrukstopper innenfor 1 siste måneder
KVAM ENERGI NETT AS,1050,15,20,Topp 3 forbrukstopper innenfor 1 siste måneder
KVAM ENERGI NETT AS,1250,20,25,Topp 3 forbrukstopper innenfor 1 siste måneder
LYSNA AS,312.5,0,2,Topp 3 forbrukstopper innenfor 1 siste måneder
LYSNA AS,375,2,5,Topp 3 forbrukstopper innenfor 1 siste måneder
LYSNA AS,437.5,5,10,Topp 3 forbrukstopper innenfor 1 siste måneder
LYSNA AS,500,10,15,Topp 3 forbrukstopper innenfor 1 siste måneder
LYSNA AS,562.5,15,20,Topp 3 forbrukstopper innenfor 1 siste måneder
LYSNA AS,625,20,25,Topp 3 forbrukstopper innenfor 1 siste måneder
MODALEN KRAFTLAG SA,171.87,1,1,Sikringsstørrelse
NORGESNETT AS,140.62,0,2,Topp 3 forbrukstopper innenfor 1 siste måneder
NORGESNETT AS,281.25,2.1,5,Topp 3 forbrukstopper innenfor 1 siste måneder
NORGESNETT AS,458.33,5.1,10,Topp 3 forbrukstopper innenfor 1 siste måneder
NORGESNETT AS,822.5,10.1,15,Topp 3 forbrukstopper innenfor 1 siste måneder
NORGESNETT AS,1092.5,15.1,20,Topp 3 forbrukstopper innenfor 1 siste måneder
NORGESNETT AS,1355,20.1,25,Topp 3 forbrukstopper innenfor 1 siste måneder
NORGESNETT AS,2100,25.1,50,Topp 3 forbrukstopper innenfor 1 siste måneder
NORGESNETT AS,3287.5,50.1,75,Topp 3 forbrukstopper innenfor 1 siste måneder
NORGESNETT AS,4475,75.1,100,Topp 3 forbrukstopper innenfor 1 siste måneder
ODDA ENERGI NETT AS,310,0,5,Topp 3 forbrukstopper innenfor 1 siste måneder
ODDA ENERGI NETT AS,410,5,10,Topp 3 forbrukstopper innenfor 1 siste måneder
ODDA ENERGI NETT AS,510,10,15,Topp 3 forbrukstopper innenfor 1 siste måneder
ODDA ENERGI NETT AS,610,15,20,Topp 3 forbrukstopper innenfor 1 siste måneder
ODDA ENERGI NETT AS,710,20,25,Topp 3 forbrukstopper innenfor 1 siste måneder
ODDA ENERGI NETT AS,2000,25,50,Topp 3 forbrukstopper innenfor 1 siste måneder
ODDA ENERGI NETT AS,3000,50,75,Topp 3 forbrukstopper innenfor 1 siste måneder
ODDA ENERGI NETT AS,4000,75,100,Topp 3 forbrukstopper innenfor 1 siste måneder
ODDA ENERGI NETT AS,5000,100,999,Topp 3 forbrukstopper innenfor 1 siste måneder
STRAUMNETT AS,250.31,0,2,Topp 3 forbrukstopper innenfor 1 siste måneder
STRAUMNETT AS,300,2,5,Topp 3 forbrukstopper innenfor 1 siste måneder
STRAUMNETT AS,325.31,5,10,Topp 3 forbrukstopper innenfor 1 siste måneder
STRAUMNETT AS,349.68,10,15,Topp 3 forbrukstopper innenfor 1 siste måneder
STRAUMNETT AS,375,15,20,Topp 3 forbrukstopper innenfor 1 siste måneder
STRAUMNETT AS,437.81,20,25,Topp 3 forbrukstopper innenfor 1 siste måneder
STRAUMNETT AS,475.31,25,50,Topp 3 forbrukstopper innenfor 1 siste måneder
STRAUMNETT AS,525,50,75,Topp 3 forbrukstopper innenfor 1 siste måneder
STRAUMNETT AS,575.62,75,100,Topp 3 forbrukstopper innenfor 1 siste måneder
STRAUMNETT AS,625.31,100,130,Topp 3 forbrukstopper innenfor 1 siste måneder
VONETT AS,209.16,0,2,Topp 3 forbrukstopper innenfor 1 siste måneder
VONETT AS,271.97,2,5,Topp 3 forbrukstopper innenfor 1 siste måneder
VONETT AS,334.68,5,10,Topp 3 forbrukstopper innenfor 1 siste måneder
VONETT AS,460.2,10,15,Topp 3 forbrukstopper innenfor 1 siste måneder
VONETT AS,585.72,15,20,Topp 3 forbrukstopper innenfor 1 siste måneder
VONETT AS,711.25,20,25,Topp 3 forbrukstopper innenfor 1 siste måneder
VONETT AS,878.64,25,50,Topp 3 forbrukstopper innenfor 1 siste måneder
VONETT AS,1045.93,50,75,Topp 3 forbrukstopper innenfor 1 siste måneder
VONETT AS,1213.33,75,100,Topp 3 forbrukstopper innenfor 1 siste måneder
VONETT AS,1255.1,100,1000,Topp 3 forbrukstopper innenfor 1 siste måneder
ASKER NETT AS,286.25,0,1.99,Topp 3 forbrukstopper innenfor 1 siste måneder
ASKER NETT AS,372.5,2,4.99,Topp 3 forbrukstopper innenfor 1 siste måneder
ASKER NETT AS,515,5,9.99,Topp 3 forbrukstopper innenfor 1 siste måneder
ASKER NETT AS,801.25,10,14.99,Topp 3 forbrukstopper innenfor 1 siste måneder
ASKER NETT AS,1088.75,15,19.99,Topp 3 forbrukstopper innenfor 1 siste måneder
ASKER NETT AS,1713.33,20,24.99,Topp 3 forbrukstopper innenfor 1 siste måneder
ASKER NETT AS,2147.5,25,49.99,Topp 3 forbrukstopper innenfor 1 siste måneder
ASKER NETT AS,2863.75,50,74.99,Topp 3 forbrukstopper innenfor 1 siste måneder
ASKER NETT AS,3722.5,75,99.99,Topp 3 forbrukstopper innenfor 1 siste måneder
ASKER NETT AS,6586.25,100,1000,Topp 3 forbrukstopper innenfor 1 siste måneder
EL-VERKET HØLAND AS,275,0,2,Topp 3 forbrukstopper innenfor 1 siste måneder
EL-VERKET HØLAND AS,375,2,5,Topp 3 forbrukstopper innenfor 1 siste måneder
EL-VERKET HØLAND AS,450,5,10,Topp 3 forbrukstopper innenfor 1 siste måneder
EL-VERKET HØLAND AS,525,10,15,Topp 3 forbrukstopper innenfor 1 siste måneder
EL-VERKET HØLAND AS,725,15,20,Topp 3 forbrukstopper innenfor 1 siste måneder
EL-VERKET HØLAND AS,1225,20,25,Topp 3 forbrukstopper innenfor 1 siste måneder
EL-VERKET HØLAND AS,2100,25,50,Topp 3 forbrukstopper innenfor 1 siste måneder
EL-VERKET HØLAND AS,3287,50,75,Topp 3 forbrukstopper innenfor 1 siste måneder
EL-VERKET HØLAND AS,4475,75,100,Topp 3 forbrukstopper innenfor 1 siste måneder
EL-VERKET HØLAND AS,7252,100,9999,Topp 3 forbrukstopper innenfor 1 siste måneder
ELVENETT AS,305,0,2,Topp 3 forbrukstopper innenfor 1 siste måneder
ELVENETT AS,366.25,2,5,Topp 3 forbrukstopper innenfor 1 siste måneder
ELVENETT AS,397.5,5,10,Topp 3 forbrukstopper innenfor 1 siste måneder
ELVENETT AS,427.5,10,15,Topp 3 forbrukstopper innenfor 1 siste måneder
ELVENETT AS,457.5,15,20,Topp 3 forbrukstopper innenfor 1 siste måneder
ELVENETT AS,533.75,20,25,Topp 3 forbrukstopper innenfor 1 siste måneder
ELVENETT AS,580,25,10000,Topp 3 forbrukstopper innenfor 1 siste måneder
FØIE AS,135,0,2,Topp 3 forbrukstopper innenfor 1 siste måneder
FØIE AS,180,2,5,Topp 3 forbrukstopper innenfor 1 siste måneder
FØIE AS,450,5,10,Topp 3 forbrukstopper innenfor 1 siste måneder
FØIE AS,600,10,15,Topp 3 forbrukstopper innenfor 1 siste måneder
FØIE AS,750,15,20,Topp 3 forbrukstopper innenfor 1 siste måneder
FØIE AS,900,20,25,Topp 3 forbrukstopper innenfor 1 siste måneder
FØIE AS,1050,25,50,Topp 3 forbrukstopper innenfor 1 siste måneder
FØIE AS,1200,50,75,Topp 3 forbrukstopper innenfor 1 siste måneder
FØIE AS,1650,75,100,Topp 3 forbrukstopper innenfor 1 siste måneder
HALLINGDAL KRAFTNETT AS,288.75,0,2,Topp 3 forbrukstopper innenfor 1 siste måneder
HALLINGDAL KRAFTNETT AS,350,2,5,Topp 3 forbrukstopper innenfor 1 siste måneder
HALLINGDAL KRAFTNETT AS,458.75,5,10,Topp 3 forbrukstopper innenfor 1 siste måneder
HALLINGDAL KRAFTNETT AS,568.75,10,15,Topp 3 forbrukstopper innenfor 1 siste måneder
HALLINGDAL KRAFTNETT AS,678.75,15,20,Topp 3 forbrukstopper innenfor 1 siste måneder
HALLINGDAL KRAFTNETT AS,788.75,20,25,Topp 3 forbrukstopper innenfor 1 siste måneder
HALLINGDAL KRAFTNETT AS,898.75,25,50,Topp 3 forbrukstopper innenfor 1 siste måneder
HALLINGDAL KRAFTNETT AS,1007.5,50,75,Topp 3 forbrukstopper innenfor 1 siste måneder
HALLINGDAL KRAFTNETT AS,1040,75,100,Topp 3 forbrukstopper innenfor 1 siste måneder
HALLINGDAL KRAFTNETT AS,1068.75,100,10000,Topp 3 forbrukstopper innenfor 1 siste måneder
HEMSIL NETT AS,317.5,0,2,Topp 3 forbrukstopper innenfor 1 siste måneder
HEMSIL NETT AS,385,2,5,Topp 3 forbrukstopper innenfor 1 siste måneder
HEMSIL NETT AS,505,5,10,Topp 3 forbrukstopper innenfor 1 siste måneder
HEMSIL NETT AS,626.25,10,15,Topp 3 forbrukstopper innenfor 1 siste måneder
HEMSIL NETT AS,746.25,15,20,Topp 3 forbrukstopper innenfor 1 siste måneder
HEMSIL NETT AS,867.5,20,25,Topp 3 forbrukstopper innenfor 1 siste måneder
HEMSIL NETT AS,988.75,25,30,Topp 3 forbrukstopper innenfor 1 siste måneder
HEMSIL NETT AS,1108.75,30,99999,Topp 3 forbrukstopper innenfor 1 siste måneder
MIDTNETT AS,200,0,4.99,Topp 3 forbrukstopper innenfor 1 siste måneder
MIDTNETT AS,300,5,9.99,Topp 3 forbrukstopper innenfor 1 siste måneder
MIDTNETT AS,450,10,14.99,Topp 3 forbrukstopper innenfor 1 siste måneder
MIDTNETT AS,675,15,19.99,Topp 3 forbrukstopper innenfor 1 siste måneder
MIDTNETT AS,1012.5,20,24.99,Topp 3 forbrukstopper innenfor 1 siste måneder
MIDTNETT AS,1518.75,25,49.99,Topp 3 forbrukstopper innenfor 1 siste måneder
MIDTNETT AS,2278.12,50,74.99,Topp 3 forbrukstopper innenfor 1 siste måneder
MIDTNETT AS,3417.18,75,99.99,Topp 3 forbrukstopper innenfor 1 siste måneder
MIDTNETT AS,5125.83,100,1000,Topp 3 forbrukstopper innenfor 1 siste måneder
NOREFJELL NETT AS,227.5,0,2,Topp 3 forbrukstopper innenfor 1 siste måneder
NOREFJELL NETT AS,295,2,5,Topp 3 forbrukstopper innenfor 1 siste måneder
NOREFJELL NETT AS,408.75,5,10,Topp 3 forbrukstopper innenfor 1 siste måneder
NOREFJELL NETT AS,613.75,10,15,Topp 3 forbrukstopper innenfor 1 siste måneder
NOREFJELL NETT AS,795,15,20,Topp 3 forbrukstopper innenfor 1 siste måneder
NOREFJELL NETT AS,977.5,20,25,Topp 3 forbrukstopper innenfor 1 siste måneder
NOREFJELL NETT AS,1591.25,25,50,Topp 3 forbrukstopper innenfor 1 siste måneder
NOREFJELL NETT AS,2386.25,50,75,Topp 3 forbrukstopper innenfor 1 siste måneder
NOREFJELL NETT AS,3181.25,75,100,Topp 3 forbrukstopper innenfor 1 siste måneder
NOREFJELL NETT AS,4545,100,10000,Topp 3 forbrukstopper innenfor 1 siste måneder
RAKKESTAD ENERGI AS,275,0,2,Topp 3 forbrukstopper innenfor 1 siste måneder
RAKKESTAD ENERGI AS,375,2,5,Topp 3 forbrukstopper innenfor 1 siste måneder
RAKKESTAD ENERGI AS,450,5,10,Topp 3 forbrukstopper innenfor 1 siste måneder
RAKKESTAD ENERGI AS,656.25,10,15,Topp 3 forbrukstopper innenfor 1 siste måneder
RAKKESTAD ENERGI AS,843.75,15,20,Topp 3 forbrukstopper innenfor 1 siste måneder
RAKKESTAD ENERGI AS,1037.5,20,25,Topp 3 forbrukstopper innenfor 1 siste måneder
RAKKESTAD ENERGI AS,1687.5,25,50,Topp 3 forbrukstopper innenfor 1 siste måneder
RAKKESTAD ENERGI AS,2500,50,75,Topp 3 forbrukstopper innenfor 1 siste måneder
RAKKESTAD ENERGI AS,3750,75,100,Topp 3 forbrukstopper innenfor 1 siste måneder
RAKKESTAD ENERGI AS,5000,100,150,Topp 3 forbrukstopper innenfor 1 siste måneder
RAKKESTAD ENERGI AS,6250,150,200,Topp 3 forbrukstopper innenfor 1 siste måneder
RAKKESTAD ENERGI AS,7500,200,999,Topp 3 forbrukstopper innenfor 1 siste måneder
ROLLAG ELEKTRISITETSVERK AS,392.07,0,5,Topp 3 forbrukstopper innenfor 1 siste måneder
ROLLAG ELEKTRISITETSVERK AS,482.25,5,10,Topp 3 forbrukstopper innenfor 1 siste måneder
ROLLAG ELEKTRISITETSVERK AS,612.62,10,15,Topp 3 forbrukstopper innenfor 1 siste måneder
ROLLAG ELEKTRISITETSVERK AS,765.77,15,20,Topp 3 forbrukstopper innenfor 1 siste måneder
ROLLAG ELEKTRISITETSVERK AS,957.21,20,25,Topp 3 forbrukstopper innenfor 1 siste måneder
ROLLAG ELEKTRISITETSVERK AS,1960.38,25,50,Topp 3 forbrukstopper innenfor 1 siste måneder
ROLLAG ELEKTRISITETSVERK AS,3136.62,50,75,Topp 3 forbrukstopper innenfor 1 siste måneder
ROLLAG ELEKTRISITETSVERK AS,5489.08,75,100,Topp 3 forbrukstopper innenfor 1 siste måneder
ROLLAG ELEKTRISITETSVERK AS,7841.55,100,33334,Topp 3 forbrukstopper innenfor 1 siste måneder
UVDAL KRAFTFORSYNING SA,291.66,0,40,Sikringsstørrelse
